mse,psnr,ssim,hist_diff,r_diff,g_diff,b_diff,h_diff,s_diff,v_diff,deepfake
0.06466871584699453,64.79507378517081,0.9998687570939803,0.0005074010180738176,0.006167056981581709,0.0007733216281451405,0.0018540203058137195,0.006015807966051057,0.018442622963938504,0.00026102653924908736,False
0.005425448868071819,75.5576594074214,0.9999871347871073,0.00020333833527958124,1.951599634253398e-05,0.000624512095356522,0.0010928961725937825,0.0023614363783082126,0.0009465261603409658,0.0006245121071799531,False
2084.971767661983,19.711014369644275,0.5049839015061195,0.007648424979319382,0.9729947306714166,0.6670399102174542,0.893496291955671,0.2561451014806835,0.671557864948106,0.752610265430377,False
2085.9611704722874,19.70895395680461,0.5093724966426899,0.007048510322670946,1.0131001171014304,0.5872731264621507,0.895208821242619,0.075675741605437,0.6226800351198492,0.6987119437867477,False
2058.777349238876,19.76592234110607,0.518245212328287,0.007908607380630388,0.8191476385607075,0.5987802498124779,0.8715700624512408,0.061577868852623396,0.5172814207672118,0.6615339578442558,False
2068.6564158860265,19.745132511063797,0.5212097330732122,0.005630270723633935,0.7526127049148101,0.6968896370052278,0.9758587041297062,0.0888636807174521,0.23179400859444854,0.813448965656363,False
2086.4587480483997,19.707918130109945,0.5199132970267226,0.005970777529490466,0.8133489461400245,0.5435255659649556,0.8832113583170838,0.04428669008802899,0.49578210381299215,0.6217505854717444,False
2081.0791300741607,19.719130216319776,0.5183198387800995,0.006018232104864624,0.9327112607295192,0.5596701795478509,0.8932767369292378,0.008467505856984303,0.7368388954083187,0.6082284348213705,False
2018.8337578064013,19.85101057436334,0.5187180905813275,0.007626125621755108,0.5622950819696086,0.32633440671796166,0.557111143633847,0.08396516393686682,0.4973458235688497,0.3340505464339003,False
2026.3569476971115,19.834856657968892,0.5158008357983429,0.004884723069091281,0.7377024785353967,0.25592798594752253,0.5778371389586994,0.15599141295973595,0.8591725214635346,0.2433621194435318,False
2111.010770394223,19.65711166500264,0.5093789462139179,0.007363675139040183,0.602488290390994,0.2240827478469214,0.5288812451177876,0.07154322794411883,0.7851263661290062,0.18846360266056195,False
3568.143535323966,17.377592992149516,0.4375958689533717,0.012004640896076862,0.5849165690914901,0.21970872366048866,0.18767076503030466,0.38636075331679365,1.6542788836917595,0.43411641295665504,False
2285.368886612022,19.312453050592563,0.4998984130090527,0.0050483139218003865,0.12496340749379442,0.33972238484187756,0.00947501951469576,0.006464676034866557,0.5363095237998152,0.3297911787607575,False
2288.964236924278,19.3056260833364,0.5007848300379801,0.003360763620362946,0.2472872755673734,0.15686963310497504,0.12260441061457072,0.14361826697850688,0.5583552888302208,0.149221799374061,False
2323.60218823185,19.24039838790194,0.502052416640632,0.00457155512255011,0.14101288056053818,0.04901932084763416,0.1911031420666518,0.08433108899191666,0.16917691257952328,0.0416935011681403,False
3773.8138905152223,17.13421136906316,0.43900378013955726,0.009810564820726675,0.189193013275883,0.12489510149472949,0.09393784154798368,0.150282982044871,0.2975043910985917,0.1262539032163943,False
2313.479117876659,19.25936031800011,0.5066079354005829,0.005916425130379655,0.1076893052268133,0.008679742376983768,0.10529859483287396,0.023629000780900355,0.3145028298106354,0.023392369242316136,False
2215.3537470725996,19.447585314686034,0.5162277702523589,0.004916969490086617,0.16688866120594525,0.1924960967905065,0.19022492192343066,0.3297643442619176,0.13182816160457378,0.229979020290898,False
2161.2392540007804,19.5549876867622,0.5228462513213569,0.003015050926434012,0.45767222872387947,0.47474385247957684,0.414122267770864,0.0016539812638143303,0.1374951210064097,0.4792862021712949,False
3371.7900980679156,17.62341084655101,0.4686774579855444,0.005412935983456815,0.7969237900022961,0.8007903981143727,0.6764295472104322,0.33087675644124204,0.12762978142303893,0.81468335284859,False
1996.7361655932864,19.89880931486349,0.5424259452571162,0.006090000617612861,0.19259367683062578,0.031606167051364764,0.02447550743318061,0.03427498048412758,0.29978044496443346,0.0019003708175659995,False
1963.0896955503513,19.97261472180829,0.5432795074837263,0.003869692426219511,0.14557962530417967,0.14785567915021147,0.20487656126459797,0.08643637782967062,0.00433255268627164,0.14821184621612815,False
1920.4489388173301,20.067988510192983,0.5481297153335022,0.003996521156997392,0.19022736144054875,0.019272053096159425,0.03548741219614726,0.19521370023430507,0.24518198673321479,0.01112412179935518,False
3018.73681450039,18.10376364436823,0.4861440453521772,0.005731314409712662,0.09873877829622302,0.22726141687425638,0.14558694378362702,0.005415690865774536,0.2216456869656085,0.19807279471959305,False
1765.567881537861,20.43317195863148,0.5731344024734004,0.0035210529625095102,0.07576112412621683,0.23428229899053576,0.12608557767865136,0.09376707650271499,0.27898126463065154,0.22968628025262205,False
1760.011099726776,20.44686208833145,0.5731413968138447,0.005231613742491149,0.028559231071710656,0.16610070257041798,0.05177351677659203,0.23533372365393745,0.17138709993408696,0.16663983215124745,False
1821.7167520491803,20.297207635789356,0.5637889084886507,0.0046093728173716006,0.07773467993817462,0.21834504292010593,0.12012099923012443,0.29057377049309707,0.03123536298929963,0.1850117096026338,False
2822.489412568306,18.395692940682594,0.49708079399607513,0.005554880428964414,0.20814793131009424,0.6286665690963105,0.4858874902581931,0.11132172131124207,0.36869877049056043,0.6194818501075474,False
1745.5878488485557,20.48259905485142,0.5754255207982379,0.003511723742435219,0.46505415690515406,0.5290593286330534,0.5425887977883406,0.08914666276396588,0.080383977351282,0.536712041381719,False
1830.7976580796253,20.275612673729192,0.5644342711145671,0.0032718888397404505,0.6625829430142574,0.6600531811443489,0.7268125487952375,0.5262075526941317,0.13162324355638333,0.6922228727607376,False
1798.1041910616705,20.35386762288178,0.5644992511873062,0.0021221376283472853,0.5456454918087559,0.5966237314247564,0.6233435792335342,0.08991510538648129,0.1421667642496871,0.5693867095975804,False
2946.2450356167055,18.209327518349422,0.46553604117071484,0.003697245886892359,1.2137002341924301,1.225041471541772,1.3221262685388524,0.26834992193481355,0.27064549181261555,1.2422862997488267,False
1454.5063134270101,21.274860049026994,0.6121297877917978,0.0021012471776347234,0.3674448672878725,0.44563085478478115,0.4221701795534045,0.10010733801733807,0.07340456675182594,0.455596213904613,False
1372.8080479117878,21.525917990795662,0.6262335457670971,0.003605717487651253,0.4374756049921018,0.37041129975685294,0.41720335675799447,0.15650614754223113,0.2243242583904319,0.389959016389156,False
1180.2710846018736,22.182198480903335,0.6615677134033119,0.003352196089230327,0.4931693989137784,0.21597872754472291,0.43044740435900053,0.43410665495663636,0.3748585089742065,0.23198916864092212,False
2022.8506586651054,19.842377943648412,0.5341582034340281,0.004114665013896504,0.8694013465971011,0.5447062841882655,0.6827649297389087,0.12099921936011526,0.6418691451967646,0.5428059133311649,False
594.2838846604216,25.16207662038006,0.810228255436184,0.00294154958256752,0.2628000585493737,0.17293130364339504,0.2730410812082482,0.018364558937520314,0.22526590554794268,0.16731557377491413,False
274.54283030835285,28.515915090033932,0.9087746514539009,0.0021729913777478577,0.2074233996845578,0.09082747854421314,0.11755952380522672,0.07164812646310281,0.20164910226247912,0.08169154958142144,False
363.5818915886027,27.29599370792835,0.8696147505576652,0.0027635988344323773,0.14334992192550544,0.0029005659599476985,0.0741900858756992,0.279693598750427,0.21108752927225538,0.004525273231934079,False
1964.4627610265418,19.96957814984401,0.5485397575564287,0.00302218358731233,0.5815500585526365,0.006620804077016373,0.26259758001566524,0.14879000780632623,0.6767003317896609,0.013278200637159898,False
1947.1471067525372,20.00802851927087,0.5417799962466966,0.0029010886702877455,0.16767174083042846,0.023333821245472564,0.14063963699689452,0.01797667837554684,0.2388222092059138,0.016444672130518256,False
2423.5414739461357,19.057511594050773,0.4940149724169258,0.00328226499434787,0.48976629586144327,0.29843628022786106,0.511716920370759,0.17877146760287133,0.35160275175351785,0.3163812451169008,False
2872.2418837822015,18.319806046801084,0.4685905560007692,0.0045876029767218844,0.8291886221675782,0.33567281421360917,0.7062280445032343,0.4849287665901585,0.7148711943704242,0.38103044495227323,False
5020.552524882904,15.89450100573381,0.40517073544135696,0.008405861471982908,1.4783030835227748,1.635975312272933,1.9032055035175972,0.4682157494143695,0.5258562646335747,1.7011124121791,False
3409.723724141296,17.57482424261273,0.4594381974812934,0.006079173377268897,0.6350897736217291,0.923958333324947,1.0492437548702753,0.43392857142762864,0.05908469945980954,0.986382708828188,False
3569.293986631538,17.37619295282905,0.4595119515416675,0.004310629753981103,0.45968969555391936,0.8876414910349126,0.8845018540308729,0.28244779469130776,0.06731801326687048,0.8927741998348608,False
3663.688744145199,17.26283045363086,0.46424201905686663,0.004591658906633624,0.6531128024984127,1.2653200624354213,1.1603629976572165,0.5505122950831094,0.23776102653756936,1.312307279480848,False
5253.44725068306,15.697572396778153,0.43340788694517524,0.00859296783751764,1.8327185792374792,2.5808304059322325,2.427622462912211,0.4447062841548046,0.4566500780638947,2.6066183645459375,False
3299.9561207064794,17.716934504556676,0.4847251658936836,0.014889270446513317,1.3714358899143804,1.4177449258356205,1.51485167838905,0.00338358704217967,0.8748780249653763,1.4220482045459164,False
3260.9526273419206,17.768571258381737,0.4876762264085397,0.013236777123248548,1.3448916861929092,1.3422448282686616,1.521521272432551,0.2993413348966385,0.846935987524347,1.3837090163815162,False
3212.7499951209993,17.83324683986811,0.4896989643391561,0.01622770716323431,1.1340749414505922,1.0439134465415805,1.3896443208531366,0.7833064988259508,0.4159518930408197,1.1141491022638945,False
4470.628166471507,16.398330655954066,0.4593825655441754,0.02547431090192315,2.828200624507218,1.8634806791306175,2.7409836065488093,0.08432864949062946,2.076724726784242,1.8933255269270717,False
2904.220113680718,18.271720867088803,0.4975867040514754,0.018323096547527905,1.6716676424681793,1.0361241217923123,1.5565354215364948,0.09689207650087894,1.0928742193571992,1.1043545082127082,False
2906.6891783762685,18.26803021840242,0.4977865399244544,0.009286897034969398,1.4157811280342543,1.1607313621956337,1.459235948499554,0.0983996877454274,0.8627781030424444,1.2318696330828516,False
2875.62006245121,18.3147011067817,0.5017594546544525,0.006419073736739673,1.5058157689194331,1.1244681889295975,1.3577380952276883,0.11689597970337218,1.061158274788852,1.132584406726238,False
4598.987112119438,16.275394230483805,0.4564105532301614,0.04750412988558403,2.333721213906074,1.5797082357525767,1.9739558938327662,0.07813231850123259,1.800395199069726,1.6032030639973698,False
3382.46956235363,17.60967718362653,0.46851837891521186,0.03213966319792859,1.1795374707152462,0.518130366917859,0.9927815183326061,0.3359216432455412,1.4056181693897258,0.5111387587868137,False
3528.4684792154567,17.4261537347278,0.45299877141342443,0.029492327412217197,0.8721896955604791,0.6456430522721632,0.9287251171110142,0.5741803278683193,0.977419984386529,0.6178937353645892,False
3571.3550546448087,17.373685868431895,0.45146709569861576,0.008949342543069717,0.737773224049775,0.8096726190702839,1.0963578259183748,0.10958723653448033,0.4336089968826542,0.8115120023438465,False
5083.013104996096,15.840803861878099,0.4210888531498688,0.024234766299339666,2.074277907870723,1.946499316929561,2.569030542541583,0.38160128805488114,1.279039812639283,1.9279639929712857,False
3512.158443110851,17.446275156950257,0.4411877772231095,0.01211467249295294,0.9184035909481452,1.2072648321699546,1.413819769715019,0.0657933255249219,0.1105386416836609,1.2357045277197471,False
3861.9867657103823,17.0339083438573,0.4400173269599969,0.011059308839838772,0.6437012099880093,0.05181254878607433,0.23579234972609697,0.46529322794904715,0.1508196721376862,0.16853288446640136,False
3667.5418642661984,17.25826535658202,0.4427477656360403,0.016892208425950236,0.7496804254584788,0.08606069478085487,0.055293715843788505,0.38202820062271314,0.41978678765556765,0.18439451600784196,False
5446.911790105386,15.540512734300414,0.41219846594624937,0.02865247834496483,0.3205991412905007,0.026497853235582625,0.33494096408685436,0.6205137587840426,0.034387197492506516,0.0864583333303699,False
3389.0534079820454,17.601232026637007,0.45736608692603936,0.009630541654913881,0.16516393441422395,0.3368535324019888,0.4785665495687681,0.7271321233411498,0.06297082357224326,0.3352068696222261,False
3355.231464676034,17.644791297221747,0.45883294367289235,0.006871841783625865,0.5161397345967202,0.6536616900843342,0.7469920960261334,0.05837236533926671,0.18898077674911917,0.6304888758862432,False
3257.9343262099924,17.772592900816495,0.4566758101786843,0.006665979630660063,0.7362265807944794,0.4862387783019244,0.7348994925884824,0.11362460968037169,0.7867559523721468,0.481284153002548,False
5060.6970579625295,15.859912751159747,0.4124650900618312,0.008921945463766828,0.9217164324778224,0.7741290983597935,1.0509050546436072,0.3920423497252159,0.911202185795517,0.7499780445000397,False
3011.7130903590946,18.113880189781668,0.46484772228809196,0.0055953145171861104,0.5058767564341053,0.38339919984360904,0.5734923887507364,0.0059962919578850915,0.5044569672036232,0.38880757221230056,False
3050.3980459601876,18.058451015244827,0.4624654744123995,0.007887135181726505,0.43856606165905987,0.3581601288056504,0.4518027907881219,0.058523614364005994,0.27119925839544123,0.36456625683391053,False
2946.6041447111634,18.20879820190658,0.4705863326137693,0.007307526519576193,0.3352117486500106,0.4037812255890856,0.4643320647828091,0.009767759563231948,0.011643735364145869,0.4089968774282511,False
4920.379520394224,15.98203013377895,0.40908941761019174,0.009213029495277365,0.5673375292706169,0.5879854605933872,0.6618584114048929,0.037475604995620415,0.3950307377074864,0.5535811865746325,False
3240.8873121584697,17.79537685005402,0.455323549436436,0.0042986718443182356,0.0802912763518151,0.13832943012604915,0.2850604996123991,0.3903834894622662,0.10114168617201358,0.11759123732451826,False
3327.4802400468384,17.680861304533625,0.449904265650702,0.006642199110529551,0.01627634660050603,0.0974556010987726,0.10352507807166944,0.12889100312150958,0.013317232634477705,0.06325380561469274,False
3500.3707113583137,17.460875742739695,0.4406990258007896,0.00827603233447514,0.2764441842233083,0.21319769711453773,0.26557864949205623,0.30826746682072326,0.2493023029041126,0.22798838797092458,False
6025.675731850117,15.101958589202255,0.37663604303608994,0.010148347554322281,0.7977654176344942,0.932552693199284,0.8419301327056132,0.21982338017078007,0.4594969750077098,0.9104239851750151,False
4020.2750609875097,16.85945847731356,0.41363136929400857,0.005020290912057361,0.2266808157805542,0.5949917057015455,0.37987656127262426,0.14876805230170476,0.3744852654068467,0.5403225019429669,False
4094.848182572209,16.779638107593605,0.40735249757763786,0.005059270726112033,0.5917910811758986,0.8552717603408553,0.6516125097624297,0.09553327478406004,0.014644320849441783,0.8048790007897253,False
4384.923245999219,16.482396197397303,0.39530187550457957,0.0052281467644759785,0.6086602263852114,0.8564549180320853,0.6880098555863583,0.22939110070377922,0.09904127633954829,0.7702746877500317,False
6994.471333430914,14.454467210128175,0.3461141393633887,0.006012411391707939,0.5106557377172436,1.3974531615980368,0.8427961553434216,0.280735265418528,0.5504537470775261,1.308443110841722,False
4791.8479020296645,16.096985909219992,0.3840172006858981,0.005641436883511701,0.10594018344752953,0.5509831186538463,0.31176814988288015,0.4008928571429351,0.36521760341894094,0.5358338212424769,False
4885.394389149103,16.01301986300972,0.3813027925305627,0.008172775357890287,0.04489656518298091,0.5471409055455467,0.22343871975917295,0.043237704916180064,0.3017491217867132,0.5226239266167738,False
5103.149226678376,15.823633473973366,0.37525477323698136,0.009500100813274123,0.07922521468462662,0.5188353825086267,0.1692427790749207,0.4901736924246194,0.4075429352038924,0.49037861044871534,False
7313.243886612022,14.260915587989507,0.34271646582442933,0.011754757612012728,0.12660031225628643,0.9263905152240852,0.4712334113973782,0.5743096213907677,0.24873145979583455,0.8510928961823367,False
4644.048206967213,16.233048963575595,0.39466656446120113,0.006262242752654346,0.25722580017394137,0.2901444184199704,0.27801766197961797,0.2640905542532579,0.022009172506912478,0.27328015222192903,False
4710.202949355972,16.171619955316,0.38878462117600665,0.0037101412443446185,0.20695989460662645,0.39247658079699477,0.23288446526552775,0.17360948477471538,0.02580259563103482,0.3545399102269471,False
4623.945069769711,16.25188949352782,0.39224315548748206,0.004779471894966532,0.04844603824338378,0.4303205503564129,0.15850165885390766,0.04464285714018956,0.3002024785299682,0.3980679156925646,False
6603.946679839969,14.703980574693725,0.3614311348055837,0.010652432737559088,0.23338212334586217,0.47991559328667677,0.039027127239535275,0.033872462920115254,0.5345774785285187,0.3860753317698027,False
4439.6273004488685,16.428551022640058,0.40598539860554356,0.005048801942694735,0.3715798204376881,0.09077624902707271,0.346935987517071,0.12214578454177172,0.6247853239638204,0.014980971904208218,False
4375.9546618852455,16.491288018497347,0.41536927568396237,0.00463058485167204,0.5187207259974826,0.11768881733675585,0.46863290397698165,0.21258050351266888,0.557982045275466,0.15920179547450175,False
4308.8705723067915,16.55838166423122,0.424397119730531,0.0033779777624458264,0.3704893637769118,0.03242827868820086,0.3200112217052151,0.1843969555028906,0.46622267758847613,0.004591139735765637,False
6408.304066647151,14.83458505249528,0.39520113141461954,0.007426661085257216,0.8882733216344434,0.05796008977100087,0.6861704722894331,0.01018979313172963,0.9879537470730071,0.13759514051935184,False
4199.666276346604,16.66986834737185,0.44566792897256374,0.003857165204731912,0.21655444965396953,0.06955259563386562,0.1967432669740674,0.3471555425460764,0.3095067330322081,0.07496828649149734,False
4168.541647150663,16.702174707747027,0.4467916994996357,0.004492505290147198,0.28152322403292374,0.024404761899489813,0.2771955503513368,0.015161494923773944,0.3470238095163296,0.04022736143616612,False
4170.016466627635,16.700638456614417,0.453826847606589,0.004362812871314252,0.2525248828989106,0.02448282592411033,0.21062402420363924,0.1987021857907223,0.17107240437670157,0.05369828259750875,False
6259.691032396565,14.936487178782173,0.4282333843023327,0.006280545558393684,0.39937304840779575,0.1520735753402107,0.2874780444892906,0.027388270880805976,0.44259367680622574,0.07394857533643062,False
4214.181806206089,16.65488347787517,0.4591208740497365,0.004375451543624408,0.1698990046813833,0.05757708821005281,0.06759123731566774,0.09699453551702675,0.15822599533306914,0.026466139730359828,False
4214.637548790008,16.654413835612786,0.4592535632506,0.0032797641271250367,0.20638173302046425,0.033733411395360235,0.18007903982081075,0.15431303669183194,0.24529908275268042,0.030386416857254517,False
4054.6368584113975,16.822496516027414,0.45503052421814444,0.004060622773938031,0.3343091334850641,0.560892369235205,0.24346213896009772,0.287368266982142,0.18413348945482255,0.5606215846994758,False
6074.39075185402,15.066988899224116,0.3981178516823399,0.0066140949865460714,0.9699990241928731,1.3409884855602456,0.5825502537072964,0.7157250195150056,0.23520443011122438,1.25525224433963,False
3830.1031201209994,17.06991148695546,0.4379106266889301,0.004658688992243455,0.8163300156226683,0.8528225019516924,0.5502781030463666,0.4885319086624378,0.20372023807105677,0.811568110848981,False
3741.004032494145,17.172134392554433,0.43470538942639,0.004845193139007385,0.9970799180344159,1.0113705113232072,0.6776712529255917,0.7021613973480925,0.29970725996939507,0.9517100897721207,False
3686.606430523029,17.235748392983687,0.42863590841491267,0.0043289753058099465,0.5273053278671824,0.6197623926591973,0.2594847775210667,0.5209235948483979,0.3163568500987566,0.547992291186489,False
5471.6538153786105,15.520830032692981,0.3776774214949595,0.023002322802656093,0.46746194379950623,0.2517222872773175,0.3097628805707586,0.0820086846227781,0.3267515612817533,0.12498048399203299,False
3638.3112509758002,17.293017661599592,0.4199032335918634,0.005728737557050692,0.288775858699978,0.2505342505896522,0.4899834113894883,0.26567379000603353,0.18491412960065645,0.3624780444970952,False
3659.972262880562,17.267238214837526,0.42139216084853587,0.007115090238912953,0.9968920765163602,0.7451941842247436,1.071023614363412,0.05011709602121073,0.3004244730820034,0.9176888173280986,False
3661.8950014637003,17.26495728090129,0.421546486789619,0.006585334913478866,0.8364510148309705,0.7939451600312282,1.0282811280283681,0.030835284939698226,0.003454332579678976,0.9289690671364212,False
5249.037851288056,15.701219110712392,0.37099018334798367,0.006746369764578689,0.7439207650320014,0.773446038252672,1.1204552107758445,0.37205552302646083,0.1471994535664578,0.8278103044472971,False
3546.131781811085,17.404467447146864,0.42735254652959864,0.0031197932697956295,0.3477824941357568,0.3570013661215796,0.4178059133463137,0.2095140515245788,0.09929986340362973,0.3297741022688001,False
3483.2774638953942,17.482135455969633,0.4325862192204814,0.0025771921408302228,0.18924424278191054,0.2347360460564687,0.20967993754786107,0.022540983603093423,0.04335480090904298,0.17717847384386687,False
3487.2605215651834,17.477172223120263,0.4301138945597742,0.0055325675583864815,0.38377732240756757,0.35950185401847534,0.32186768149989575,0.1495779664321759,0.318164519921325,0.2705381537901701,False
5304.937351190476,15.655213561330466,0.3827433843887899,0.005553130140323029,1.162721994517426,0.963336748637289,1.009492096016288,0.3942135050756832,0.7396150468276232,0.8410128805586226,False
3539.89799960968,17.41210867359773,0.43394420756339375,0.0066402420935223385,0.6100458626174685,0.3241437353597689,0.4255537665899851,0.3538226971121219,0.7126366120144638,0.26089968774627437,False
3557.759023711944,17.390250867402735,0.43731557515520675,0.004991997004236661,0.6542715651902,0.4015759172507103,0.48601190476148304,0.293518247463183,0.7765076112438578,0.3180474238850479,False
3543.330737704918,17.40789923921524,0.4413165298074362,0.00450803247162228,0.7662934230947656,0.5393467017997864,0.6532347775146263,0.2414324746302441,0.35148077675352596,0.563914910228192,False
5385.3069769711165,15.58991151295299,0.3837180790818666,0.0076140492794014945,1.7341481264692646,1.3179717993747886,1.6628390905561048,0.16817915690552354,1.0246316354439529,1.35845042935253,False
3489.340344457455,17.474582837115378,0.4429112183088351,0.0024328339753986075,0.5696135831326501,0.4117047228739352,0.5945696721301488,0.1699990242049978,0.41720579624050913,0.45858948087558815,False
3545.00212480484,17.405851157608033,0.442657786877938,0.002860316746472162,0.7893198673032629,0.4131318305992977,0.7406567135055298,0.39872414129462186,0.759126170978746,0.4933108899257945,False
3582.0039300351286,17.360755575833167,0.4420372134154867,0.0023421121961612556,0.30822843480258655,0.22016491022841933,0.3291813036705662,0.3516369047638648,0.34917056984466655,0.2329576502776547,False
5717.623926619828,15.329860290925417,0.3786583165172163,0.005326379567250217,0.6889588212537205,0.25219555034937,0.5506098751036177,0.20008538251148877,0.7198160616713949,0.31338553864185315,False
3739.5911470530837,17.173774926076653,0.43139864743597994,0.0025208837777675854,0.708035714275411,0.4448794886852738,0.5173302107706945,0.2728264051550866,0.3601873536414786,0.513200136610152,False
3768.529274004684,17.140297223591414,0.4336363895959508,0.003004026591554476,0.33413592895887234,0.36580064402525636,0.35591334894712645,0.14727507805923779,0.060275175641415046,0.35570355191069325,False
3783.4191037275564,17.123171631780867,0.43641378114531043,0.004551888666599252,0.6427302888423583,0.5418593872006454,0.6205942622920873,0.055903590940800996,0.06248048400941286,0.6009855581564807,False
6188.702776151445,14.986019901862413,0.3870028258796598,0.005635350695430751,0.6472555620684659,0.5857703942201056,0.7273321623667641,0.1140198087453399,0.3815988485413655,0.6323185011772523,False
4043.9783787080405,16.833927906351995,0.4300495168441383,0.0033145569019194963,0.36693989069115673,0.21215115144289598,0.40032689305490976,0.3233094262313898,0.19295960187265138,0.3131269515975532,False
4200.196594457455,16.66931997120656,0.417643703204096,0.003799102200601969,0.01520296644932273,0.07380708430727623,0.10960919203762387,0.03501414910400058,0.06284640906090289,0.11797423887065861,False
4313.194015905543,16.5540262158675,0.4112517216803569,0.0033496303452066967,0.08459455502902813,0.14272053083652736,0.02697599531094852,0.22624902419865123,0.05185158078693064,0.06496145589181879,False
6982.550504976581,14.461875299394407,0.34648382455652643,0.0050005966575600936,0.03671935989562769,0.06547862997058473,0.27658567525097055,0.610914324749487,0.30759904370361824,0.26357581967332067,False
4191.0974995121,16.678738514352936,0.4187531333301883,0.003221731684634968,0.1972360460445799,0.03170862607115055,0.04276444184276329,0.223277712720801,0.22157494147050016,0.0411080210773207,False
4241.092947404371,16.627238250654987,0.4222720081930966,0.0038643372268811855,0.06963553865614358,0.07750780640782295,0.009372560502725946,0.16466139734669127,0.018032786879814466,0.01105825527005777,False
4345.823075234192,16.521295740019543,0.42534506126050076,0.0032215119262640314,0.11307572207634564,0.08815866510516912,0.009511612021839255,0.2755366900849907,0.03150126852493429,0.025987997656187645,False
6994.562107240437,14.4544108480289,0.3731379867251127,0.004267137863068253,0.265366412954549,0.0015710382530471634,0.24081772052772976,0.5129073965672006,0.2808182084370756,0.19389393052043147,False
4411.179725312256,16.456468629278977,0.42866421728587056,0.0038257684828166163,0.018147443412473763,0.04621877439569744,0.04333040593175497,0.08624121779907057,0.021004098359156842,0.030149785327068912,False
4620.368467017955,16.255250043579203,0.4152859739495882,0.0034470870849946733,0.2973238680719703,0.1562134074959829,0.23346506635192554,0.5089749219339694,0.2897711748489442,0.18747560499414817,False
4813.671784738485,16.077251405618114,0.4034885003902875,0.0055384175128637084,0.04990729898223378,0.15217115534449022,0.059196916476224715,0.032679547226805994,0.0006684231120033246,0.0677668813397645,False
8197.64674570648,13.765124158905566,0.3336659840662131,0.006596534256347351,0.017283860270666196,0.09526249024432332,0.11975263466430874,0.48013026931865,0.1524687744012141,0.07037958626420959,False
5296.654132513661,15.662000008254553,0.38929435645372124,0.0044723952365605755,0.2879757025724956,0.318369437938145,0.3153029859526555,0.08296984777540217,0.0910006830548582,0.3373365534734205,False
5382.300143930523,15.592337030557442,0.38743554777790906,0.006772008806136545,0.463502634661495,0.3902395589369405,0.33114998048617394,0.2564305230323214,0.24952429742220517,0.35459113973408307,False
5368.4221116315375,15.603549591075227,0.39041858922912515,0.004866942737901222,0.11232191647340528,0.20136612021951805,0.07040154176291935,0.20446672520928644,0.004500878224533267,0.09958284543171203,False
8610.882530737705,13.551539509413859,0.33750387911625057,0.016720146440291385,0.4259440866432129,0.16105093676685556,0.06306108509127739,0.5048277712749183,0.038605093674640045,0.07552937158502004,False
5345.594294008587,15.622056208676538,0.3915026353798777,0.007988984731617743,0.4434499414598605,0.15006342701121866,0.26783762685187185,0.27031615924961727,0.28368462140023354,0.17127244340778702,False
5141.838817330211,15.79083157018814,0.3982143226296388,0.006209788798833233,0.861802302893139,0.6219652615130258,0.5379439890721471,0.4693184035913873,0.4253122560327469,0.5868803669027898,False
4923.298319184231,15.97945463655912,0.40084846426839355,0.007346493185137697,1.5692013075570088,1.0340432279493825,1.0596628610454673,0.5868803669006581,0.7082894223249667,1.1332723458231442,False
7311.390027322404,14.262016635535389,0.3536555111999899,0.013886719257140004,2.739702868851154,1.857306303670498,1.8824795081971502,1.157562451210623,1.2947136026638972,1.9461895003890106,False
4516.140554254489,16.35434165729853,0.4037035034941752,0.006959091834256461,0.9249048594903257,0.5593847579998794,0.6573380171770964,0.37815183450248924,0.47248487508482384,0.6165251756426926,False
4548.414876073381,16.32341544318631,0.3984423678541642,0.006134681465496002,0.6260953356661219,0.3254464285721781,0.3810889929717405,0.2909616510545021,0.43665349338479587,0.3348604605774881,False
4479.356393930523,16.389859977153744,0.3956920153638446,0.009690956114071662,0.6252317525432574,0.20608655347521676,0.4079796057734768,0.1616047033580088,0.6568696330873038,0.27013075722223334,False
6980.3881976971115,14.46322040037516,0.33012801854573454,0.0160068393384013,0.04835821624840264,0.35364461358400945,0.2147662958639387,0.32826893052030925,0.5617632708874893,0.3621267564433026,False
4445.4171155347385,16.42289098318225,0.38700490246601876,0.009857184360554137,0.8272931303818751,0.6469652615181474,0.721443208425967,0.013424570651437762,0.42084065183190233,0.675107338013845,False
4544.119445257611,16.327518770099434,0.38453909981726814,0.017414999386261988,0.8534226190497094,0.7645028298154841,0.830203454338033,0.06507855191043177,0.0832455113246553,0.8539105191302383,False
4677.795567427791,16.201603775667802,0.3799913817407901,0.008668496609195182,1.1734484777501706,0.8898297228737704,1.0539617486287227,0.32380708430902416,0.5176912568304246,0.9691622755653384,False
7482.34181059719,14.161640717005968,0.32192190829038275,0.008723975805179321,1.6359801912344807,1.3862875683074378,1.5368242583920164,0.31271955503747506,0.5704454527925833,1.4634538446501892,False
4718.242015515222,16.164214019487382,0.3800077694714701,0.0042864371421738896,0.5951478337421321,0.3103849531605647,0.44636758392297793,0.3420765027300803,0.46781811085109837,0.3302888368447441,False
4616.3314354020295,16.25904633594385,0.3802584865784852,0.0035188518284345583,0.2454088602629838,0.11344408665439687,0.20922862997133507,0.08364802888422673,0.3505220530805886,0.10007074550975403,False
4518.012804937549,16.352541581254425,0.38398992429233103,0.003359957252314432,0.02737851287497506,0.011402224826213114,0.011499804837256988,0.13390417642108332,0.11682523417386648,0.03231118266094768,False
6910.179776541764,14.50712269379158,0.3173747228258274,0.004595700411069246,0.01603971507121571,0.22353386026713906,0.0031957455233282417,0.42002097970593866,0.13778054256240324,0.14021516393395927,False
4101.914844359875,16.772149754032228,0.3938900063770536,0.004140423616334052,0.29063963701136686,0.21589090554002155,0.19646760344778613,0.12288739265372328,0.021570062437589854,0.2160031225701573,False
4004.662404859485,16.876357048767694,0.4024393846546391,0.00398761820358385,0.15585480092737214,0.07524151053516448,0.1099677985959886,0.07870316159844037,0.36166081187897703,0.06569330601419665,False
3880.1134440866513,17.013571922045518,0.40955614495546366,0.00593619490897934,0.02589773616381308,0.04835333723144686,0.02131635441944013,0.1201161202183414,0.10829186182230188,0.05414471116102959,False
6049.901256342701,15.08453329228567,0.33640061629157086,0.012384147988561373,0.5301571037992687,0.5225141490986971,0.5635831381704293,0.42641734972470147,0.33131342700664845,0.5041276346543384,False
3322.4739900468385,17.687400258293412,0.44352011455138207,0.0043758770515070905,0.7270321038330678,0.4790739656541234,0.6636002146734654,0.16489071038296288,0.4268613387924347,0.5221116315410939,False
3042.1703820257612,18.070180817741342,0.4707350457127899,0.0034421648654115833,0.6334748243538968,0.5326356362207036,0.5291300741636746,0.22919350117001613,0.44899248633620203,0.48042788836735895,False
2744.753551912568,18.516982598249218,0.5049613994003681,0.0033208483608853836,0.7625048790070679,0.5699233996861608,0.6439134465285292,0.06118754879213384,0.46428327480440146,0.5779835089814753,False
4323.679788739266,16.543480929180156,0.39220496966514146,0.007578251271655514,0.9522370218667504,0.7579112997627533,0.869157396560837,0.13359435987209167,0.6702576112311718,0.6936963309864268,False
2188.1491071428572,19.501247027694358,0.5805180182928065,0.0038969533848116074,0.24841188525351754,0.186416861824938,0.26820599140773993,0.0063695355191697445,0.18019125682850756,0.19108606557659868,False
1923.0211309523809,20.06217559115294,0.6228394597094186,0.014035305092492227,0.5339700429280185,0.25711114364398213,0.43698282592961846,0.23767564403108565,0.3605654761841208,0.313231850117063,False
1649.783130854801,20.727747569877543,0.6748307301787015,0.0042215192322091555,0.26715944573685135,0.22553912958562705,0.16850117095148676,0.02719311085208176,0.11673253319190735,0.19530884075129507,False
2878.8904078844653,18.309764828932146,0.5167910008560881,0.006184075298720508,0.6492754683913518,0.5868779273994562,0.5428669008601616,0.27284836065742013,0.31628854410703156,0.5376927205307993,False
967.7332821038251,23.04445938105256,0.8029331711799984,0.00469074217431383,0.5233752927378816,0.26749121780599694,0.44071282201076656,0.3214993169413276,0.35502049178604267,0.3096799375488217,False
717.1768149882904,24.34575374414947,0.853422161443045,0.0033741951147693325,0.46278298204988744,0.18859533567334097,0.43596555425870065,0.07173838797884002,0.4643662178175063,0.26223897345914793,False
533.5153737314598,25.63054677055687,0.8945861036926702,0.008941527545448903,0.4185767954579802,0.14537226775766499,0.3001463700165061,0.40859435987626114,0.15721604215282525,0.2161982825849691,False
922.8722043325527,23.25060049768358,0.8511513903173026,0.005439298122538705,0.18605825527528452,0.22918374316461154,0.09967310695762421,0.15543764636944957,0.25236143638019115,0.08459943403593684,False
182.136343676815,30.29805001569565,0.9624326286095939,0.004243694620876095,0.005745023425944851,0.03880025371037732,0.04246194379834378,0.01553961747907806,0.06212187743788178,0.019620901643378375,False
143.2118950039032,31.342225241519554,0.9660667551717855,0.0035491351807532137,0.16124121780644884,0.10337138953826752,0.09858996877395043,0.02109923887144305,0.1150395198905727,0.0690890905476067,False
104.88288446526151,32.69496992873124,0.9723076493205557,0.0022088757149390176,0.03264539422926305,0.06729361827186153,0.04107874707284509,0.009314012493277346,0.021074843882431082,0.04505269321990113,False
159.85729410616705,30.864691581654377,0.9551601366924495,0.004215738977557744,0.12635392270655643,0.14384270100939034,0.11979654567338116,0.12941305620654475,0.006401249036784407,0.1341481264612696,False
114.7931450039032,32.30285661113305,0.9682525866322211,0.002837445667376661,0.12226044105872802,0.0003464090568456868,0.11262929352236029,0.10584260343532037,0.13232338017086676,0.04747023809315465,False
190.99981459797033,30.091686699059053,0.9507190779919582,0.0029128341232084994,0.004700917254695014,0.008452868854817552,0.056088992973002405,0.031042642470922033,0.0068793910930295965,0.03488973458175337,False
331.5708870023419,27.69625224497315,0.9186285071174374,0.002196599344857752,0.006237802513169299,0.025617193600965038,0.04063719749541406,0.05606459796968011,0.03649248633692537,0.0021248048440725142,False
1882.2962138953942,20.15513646901516,0.6278809273970247,0.0031484236113607194,0.2360070257790312,0.10099287665337897,0.09305474238414035,0.057011124126304935,0.3219189109907248,0.06577868852309621,False
1260.25737460968,21.897423681221618,0.7283847006441696,0.003144392585305628,0.290756733011861,0.14911202185979278,0.19840944574812625,0.037573185010771226,0.2500170765061327,0.1590090749365629,False
1676.2289032006245,20.65868290667492,0.6552294354059317,0.0053692373203568546,0.2880098555843347,0.14471604215506773,0.15059279859099206,0.011314402804615042,0.43495804059134713,0.08716578844337164,False
2163.749599921936,19.54994615005318,0.5721670534605074,0.003121019837659697,0.515115144428151,0.01432474629282865,0.23060109290136666,0.36983069867793006,0.7691378805745259,0.050853825137437525,False
4595.562756147541,16.278629144629107,0.3574582891584727,0.006198901714307417,0.8218920764942652,0.5460797228747936,0.5616949648731975,0.3433279664277933,0.684206674480798,0.48029371585320746,False
3200.7205893832943,17.849538520293223,0.4379900474045119,0.004069145953791144,0.2913885636271232,0.1599336455848004,0.20201014832178998,0.055252244346291945,0.27948136220939546,0.14684328649167355,False
3567.7800326893052,17.378035449771215,0.40994563453154215,0.003999872580783867,0.9136612021865886,0.6433377244340477,0.8639588212342062,0.08322111631485996,0.35269564792275077,0.7779371584764192,False
4049.8089090554254,16.827670841508507,0.3859494219566016,0.0035582629815444486,0.4509294496277505,0.5803742193597259,0.5655298594788292,0.47256049961113433,0.12325087822155467,0.6408299180289987,False
7106.116917935207,14.385692668676475,0.2991866184916694,0.00956185288686031,0.0016881342722427917,0.36167788836328896,0.10477166275418881,0.0943232825907927,0.5577454137399798,0.31457845433706666,False
4639.9526761319285,16.236880644722554,0.3649243110108575,0.005018399040871481,0.07242388759438256,0.23299668227605252,0.16018979314654302,0.3865412763480265,0.5317427790795151,0.27474141295937216,False
4736.977576112412,16.147002867164225,0.3618051544188878,0.004282751484300263,0.14219603824820126,0.36445647931287795,0.27985216626262854,0.16070452770871668,0.32256537860714474,0.38321867680966193,False
4850.58649980484,16.044073618865166,0.3517266185108783,0.004296560831275907,0.5723580210839998,0.739458918814023,0.5608948087440808,0.507928376269561,0.2538470921371001,0.7535104410651741,False
5087.384240827479,15.83707075249494,0.35068522704413435,0.00498218195625433,0.20077820062388696,0.4891344652753844,0.08906371975834304,0.7092530249839655,0.20620120997187286,0.34536982825181894,False
8148.418327966432,13.791282986389458,0.3019583340011571,0.00737647006846806,0.5674229117879719,0.5080869437855711,0.030269320835884628,0.201117291175251,0.39651395394201217,0.24204722873682272,False
5642.336272931304,15.3874264983939,0.3550799958608635,0.0034930548226335062,0.2690817720765608,0.2148248438749647,0.4521857923431867,0.009767759560162403,0.05932377047416537,0.36322697112532865,False
5719.453642174083,15.328470713263354,0.35491745512514106,0.005474480918184114,0.6249853629736606,0.39932425838270547,0.7046545667491557,0.013048887590073832,0.2251122170183777,0.5694891686160304,False
5678.051356362217,15.360022993097006,0.36099291781855686,0.003884398666887334,0.3634245706471404,0.15174668228715404,0.3260758196729512,0.21686426619751842,0.2675424473082515,0.20392027712426852,False
8437.521592017954,13.639867183668912,0.32027216736636266,0.005123990814797747,0.6161104605834424,0.41656176815101276,0.45253708040704055,0.12920813817147803,0.027322404351806995,0.5793862216983143,False
5942.815293227947,15.162093832897304,0.3486832532583996,0.005074260604057905,0.8443037665746118,0.8306669594030609,0.768586553478201,0.4932645394253399,0.13040837236035685,0.9202454137422365,False
6130.59093481655,15.026992768993875,0.33781413730554294,0.005596012699395279,1.427693208423932,1.0205601092898178,1.1774053473860988,0.4364632123318586,0.5917593676695247,1.1561109484755434,False
6375.372038446526,14.856960822415937,0.32697565279934976,0.005656486335145533,1.6771711553458601,1.1492657103835597,1.068279176418514,0.735506928179646,0.57328015223964,1.2579552107752079,False
10524.223265515222,12.680115627614459,0.27971817414738437,0.012552617913668063,2.0536446135797917,1.1529517954763264,1.0769198868100602,1.2459699453584676,0.8123951014612487,1.3567061865692835,False
7833.792742486339,13.962295382895892,0.31166036596713287,0.003931742358840207,0.3995120999119308,0.5391539812682709,0.5801741803269351,0.3208821233383077,0.0010514246606874167,0.5047375097548468,False
7861.644811182669,13.946881970686514,0.3098964076493171,0.004027543029434053,0.5317427790825491,0.5708186963271089,0.6971823770574019,0.15023419203922117,0.2579234972563498,0.5633660226342272,False
7776.327627341921,13.994270658620877,0.31148475281443,0.004484361748843084,0.3744486729081018,0.37267271662412327,0.50357386806985,0.16923790007861328,0.4136221701821512,0.3030322989929175,False
11394.782059914129,12.334955924407991,0.28200574772851467,0.010489957991955673,2.368825624515651,2.3275346409054123,2.6382660031189005,0.42391686182769206,1.1540715261560663,2.4066744730633616,False
7023.7183791959405,14.436345256754517,0.32923006643781955,0.00539652470576452,1.561660811856001,1.4069647736219508,1.6931035323998174,0.003915398126608238,0.6335870413793501,1.568554839969039,False
0.1091188524590164,62.52301825479507,0.999830583834242,0.0005327626373119404,0.0006903785994438749,0.0012539032107667936,0.001978434825474551,0.003725117099008912,0.0017296057718070301,0.0013880757265098964,True
0.025634270101483215,68.81380659538131,0.9999694212404711,0.00036115504263256555,0.0028590944604047763,0.00044398907337495075,0.002449258396325149,0.003259172517289244,0.0033835870454979045,0.00040495706616638927,True
2141.105100995316,19.595636294411957,0.5030057137700003,0.006184769414779581,0.9461577868921438,0.6732045277194345,0.9348653395888391,0.20463749024109745,0.5765417642464072,0.756140222478507,True
2132.3867681498828,19.613356366030203,0.5095226008324808,0.005440359119029692,0.9861192427803189,0.5464724824385314,0.8235655737682066,0.33874902419871944,0.6831845238018914,0.6514027127261386,True
2115.6700282982047,19.64753681933313,0.5154845821150368,0.006878212446770085,0.7658689500363494,0.6017247267675145,0.7922716627607542,0.36062402419767636,0.5131781811149736,0.6511490046917743,True
2126.491400761124,19.62537984761158,0.5186989243195785,0.0062953721969004756,0.7530859679980892,0.695350312258256,0.9257855191239628,0.12348507025915012,0.2729532591682755,0.7959967798655327,True
2155.3566232435596,19.56682477196167,0.516762451957177,0.006403301211544278,0.7783006440187705,0.5625878220194807,0.8866461748641825,0.39650175644185026,0.4478703161526454,0.6412056010805713,True
2150.504449648712,19.57661270089751,0.5157608538219906,0.007287812882058314,0.7454430132730181,0.5222531225562079,0.7856898907073742,0.676756440281352,0.5924814598078001,0.5368145003915288,True
2106.6647467798593,19.66606187814388,0.5146440825032407,0.007478086232274299,0.6780396174901568,0.36830601092941606,0.5964310109257269,0.09749951210044117,0.6154835089727868,0.3736241217865768,True
2108.621545667447,19.662029758087687,0.5132308692896671,0.005342279764209952,0.7144369633034557,0.23774638954000693,0.5903225019613103,0.06682523419168263,0.8993974434081125,0.22972043325987102,True
2188.872611729118,19.499811284065526,0.5056120909702085,0.006893422448124071,0.6498585089792073,0.19485265416500397,0.4997096994371759,0.13000585479977644,0.8413446526152271,0.13070111239687776,True
3661.3058621194377,17.26565604629528,0.4363692527483511,0.011874244231752724,0.6668374316946881,0.12166276345362803,0.19402078456056415,0.46868901249048633,1.6925375682987394,0.32738583137498267,True
2363.8967091139734,19.16573119538199,0.49904773931855034,0.004714889500673181,0.05553034738545648,0.4162324356101692,0.13001073381010997,0.07944720921220494,0.55383245511117,0.44517466823529617,True
2365.196133391881,19.163344552418774,0.49899843333354815,0.0038012667444892833,0.2788934426202161,0.1322892271629712,0.13306254879114476,0.18044252536913064,0.36548838797424565,0.0708406518214133,True
2403.001961358314,19.094474903072907,0.5008040253843572,0.005044605286487343,0.1873829039893451,0.05492535129320686,0.23565817720185578,0.12729800936689628,0.1862704918040734,0.052215066336231075,True
3854.843669496487,17.04194845354085,0.4404421499695144,0.00648557133335224,0.14277419983824302,0.06516881341696035,0.1306572014021583,0.5669716042147428,0.3764441842373287,0.08703161592359265,True
2392.7702454137393,19.113006160712356,0.5047356507806894,0.003625882476596148,0.05063427010205146,0.010380074170342368,0.09047131147812593,0.03479215456755469,0.10761124122321775,0.0008733411221726328,True
2286.5779176424667,19.310156105594327,0.5150391998882579,0.0031594816308736745,0.028100605000815904,0.18899785326146912,0.11575673301510392,0.32731996486856474,0.28847092115444184,0.22275565964304178,True
2229.209335967994,19.42050762366656,0.5215132059531139,0.003536562913874828,0.4399199843802819,0.4889027127174188,0.45131245121092434,0.44643832943221184,0.12661982825003548,0.516935011710757,True
3475.8109850702576,17.491454641437763,0.46864044455170695,0.005482212154453554,0.9832943013258557,0.8442647345734997,0.7804888758793709,0.24267661982575817,0.4354630171621494,0.8608899297638004,True
2073.12043813427,19.735770823804728,0.539322413973339,0.004906683309362703,0.05598409446372443,0.0046106557502412215,0.09043471897939526,0.16129244730524306,0.11722775176856004,0.02401688134716551,True
2025.056386612022,19.837644951709507,0.5428362404915165,0.0035782556036659287,0.019894125686988673,0.08294545277183829,0.10659153004587552,0.4642783957852856,0.15602556594620154,0.1010782591765178,True
1997.5950917252146,19.896941533444384,0.5443552372996809,0.004242931351891571,0.1251488095275306,0.011558352859680099,0.015249316927139489,0.10645491803371954,0.247153103043928,0.03941012881151096,True
3111.461141198283,17.97237234103992,0.48603042143964753,0.005945150919778673,0.07412421936086844,0.2700575722055589,0.18576307572743644,0.2540544496478816,0.10733069868960854,0.19222287275832173,True
1852.8003927595628,20.223729814777883,0.5695879874394209,0.0021050109832286986,0.06466627634995348,0.21049960969239123,0.11816695942206934,0.2659909250577215,0.2190695745428144,0.2047789812797589,True
1843.9152712724433,20.244606544362572,0.5696315018751155,0.006400326202989214,0.03440183450325662,0.17376561277919222,0.07838114753374725,0.09219115924990717,0.1750683060168825,0.15625487897384005,True
1906.4599214480875,20.099739358372567,0.5622802930405012,0.004651185947515593,0.024363290402305893,0.2751073380131004,0.18592408274389527,0.8616803278690526,0.2530493754860714,0.2920740632359582,True
2924.070108801717,18.242138343398143,0.49791118054414946,0.0058923312574612405,0.27896662763617996,0.5912202381025509,0.4408421155502822,0.07110411787526516,0.33224043715910057,0.5959870218642607,True
1843.32581235363,20.24599510969977,0.5713482354044296,0.008044282156120306,0.6242730288875293,0.5650151248967745,0.6687256049875145,0.5269442818118932,0.128185987510399,0.5814232045360939,True
1910.4763514832161,20.09059949372572,0.5609912391697125,0.0030079919447679815,0.6537861046020623,0.6484997072665237,0.72472921545031,0.11989412568344449,0.16970384465955135,0.6698160616662392,True
1870.009431108509,20.18357818747301,0.5630299494003284,0.0030657883826458675,0.697077478533771,0.6586236338787046,0.7442647345983175,0.3257050156125274,0.24341822794475831,0.6691256830603152,True
3026.497301912568,18.0926132450735,0.46682483146548964,0.004478998917520426,1.0147589773644654,1.1755537665958116,1.1798570452637307,0.04642125292595267,0.25920179546611166,1.1932474629124386,True
1510.5224580405934,21.110744289570235,0.6090585992287791,0.0033688144782277503,0.31349531615086335,0.516537373140352,0.422562939107479,0.2011977946920922,0.05429108118723036,0.4907079430148542,True
1434.134299375488,21.33611792884334,0.6189977008168298,0.0025668434694285074,0.5923790007893501,0.3840285909383283,0.4889222287416999,0.21978434816843162,0.4426424668254185,0.37786885244915425,True
1228.0816793520687,22.009743630232897,0.6574417450994011,0.004091208804715688,0.34682864948544534,0.1951819867422273,0.33776102653831686,0.2829186182682548,0.21475897737035865,0.21806450039466085,True
2103.971360265418,19.671617917804657,0.5290308535771424,0.003658983584650216,0.7760538641730079,0.45812109678689694,0.5906981850044986,0.12300936767867654,0.5430669398764394,0.4584845823639796,True
618.9704600897736,24.985316924578104,0.8083144883304519,0.0031067746685583112,0.4144711163200725,0.17682474629177136,0.3316817915588217,0.3866071428580824,0.35718188916118265,0.19211309523362274,True
280.37135782591724,28.42467970677798,0.9085601488043817,0.0023987709444942495,0.12704674082766587,0.03912958625889473,0.07465846996197456,0.426819867292366,0.1841578844583509,0.026022150672730504,True
373.6113144028103,27.177815957053696,0.8706818098944984,0.002629061085018398,0.057340456682055674,0.03595335676070022,0.024334016396920788,0.6127293130371925,0.1368828064023475,0.034284738501838774,True
2055.7910421545666,19.772226462424975,0.5448813600802932,0.002791058799287692,0.3997633684643347,0.014039324737183279,0.17594652615485984,0.01088749024016522,0.48128171349160453,0.004669203771925368,True
2025.6988973458235,19.836267238917532,0.537167561441005,0.0030847784099940745,0.34681401248857924,0.008174765792119842,0.18747316550488335,0.5546472482464253,0.3988290398309289,0.025736729115095613,True
2521.2372658079626,18.885878978831812,0.4937168472414708,0.0030282993522083084,0.6096067525263891,0.2726166081187955,0.5015149297224184,0.11889393052284447,0.5249512099838469,0.29523565573890664,True
2972.109694574551,18.171367812698065,0.4685958861636698,0.0036304406738595966,0.8367437548942576,0.3369852654098793,0.7243730483972115,0.5128854410594812,0.7264905347471213,0.3925619633186841,True
5116.014549180328,15.812698447106383,0.4078991610412283,0.009722004448255744,1.4308694379234908,1.6764563817289684,1.883652907889143,0.6819916081180963,0.3783933450396546,1.7187060889590384,True
3481.8088846604214,17.483966864327034,0.4643210657762514,0.004910218517090225,0.613705113199245,0.9084235948609205,1.0424351092952122,0.5412373146009202,0.1217383879774303,0.9525273224304271,True
3632.5371389539423,17.299915523806774,0.4653091378816645,0.004109655941331337,0.48126951601400947,0.8918886611996868,0.8489729703384796,0.22033567525117803,0.055884074947606166,0.9208821233567619,True
3725.378281128025,17.190312372776717,0.4700594051051401,0.007307632506259167,0.824975604986804,1.2665910421564774,1.1779420374788003,0.12772248243780382,0.10263709992404557,1.3224043715571838,True
5313.655054644809,15.64808257595876,0.4384678079380581,0.005874872010661459,1.7357216042053096,2.6430766978834015,2.4753586065581317,0.5853410421570544,0.37451209991679235,2.669903883704393,True
3344.3062670765025,17.65895572893954,0.4915813858876845,0.01107000658570138,1.2293545082063702,1.4323331381575883,1.5297131147456184,0.09541861826664899,0.41385880172430944,1.462973263065038,True
3306.2797838602655,17.70862013948833,0.492718534479265,0.015521395142288648,1.297611729129045,1.3562426815341837,1.476012392661886,0.34262782981970474,0.655947501947125,1.3838553864214305,True
3246.4927449258394,17.787871789138954,0.4953501887074679,0.01670035147823021,1.2013002536989177,1.0548106947620965,1.434048106948211,0.21441744730758217,0.7885148321621571,1.0990534738308497,True
4501.62724921936,16.368320845652843,0.4631967415299901,0.02040782074115136,2.8504391100697717,1.819342798575292,2.7625658665262733,0.33393832943046675,2.2051278298175916,1.8832259953250912,True
2925.278551912568,18.24034388657006,0.5034262289006367,0.019513228257544094,1.72313134270712,1.052568793923058,1.5091456869485569,0.14218140125288414,1.1302229703414568,1.1160275175718368,True
2934.111024102264,18.22725072459752,0.5034213550991856,0.00722387118502266,1.350722092109649,1.1646565183341409,1.4263441647055686,0.160628903196411,0.830654761903844,1.1791325136506998,True
2913.306867193599,18.258153830334685,0.5063880765749289,0.005696118841272018,1.5456991608095052,1.180213212354687,1.3993535324089805,0.1427815183457284,1.0871975019516,1.1834089578536862,True
4664.437404859485,16.214023462187455,0.45684786372139113,0.052107514038706254,2.355910909451282,1.6077161397288648,2.0424497462983595,0.07256537861289303,1.8917715651848113,1.6075697697075384,True
3429.264941939891,17.550005759734802,0.4714483897261739,0.027029618382288498,1.1034274980391103,0.4837309718870699,0.8738558742959128,0.3449990242038581,1.2131367095945365,0.48763173302452856,True
3556.164768735363,17.39219740540586,0.45756173332660127,0.02867946640961136,0.9206942818090909,0.6260001951700076,0.9227239461481247,0.1550253707999616,1.0276151444191584,0.5975751366121642,True
3605.040339578454,17.332914868488224,0.45534776824555506,0.010038989101256893,0.7722140905509747,0.863397736135795,1.1052107728410476,0.06002390710362704,0.5551839383363415,0.8418471896896733,True
5117.632608801718,15.811325106087356,0.42456915675323276,0.02048837006481667,1.9332869828327688,1.9739339383475283,2.566878903200177,0.03739510148353986,0.8782079430136775,1.9822136026635917,True
3532.4433108899298,17.421264146254302,0.4456715005358864,0.012684387972900883,0.9376122170275352,1.1755586455700495,1.3839749219285409,0.35799668227842574,0.003851971116802133,1.1787080405802897,True
3898.104657006245,16.99348120634049,0.4426924785459004,0.009126053366457035,0.5838773419308296,0.05402029662909058,0.23003024980559417,0.6660567915664046,0.17896418813921855,0.1417105776648384,True
3704.141693501171,17.215140243139903,0.4462472156703898,0.017586235965223112,0.6150639149138897,0.04063719752201678,0.17579039812477504,0.3308816354441717,0.19020784543455704,0.1342944964980859,True
5479.807769808744,15.514362917702854,0.4162930178507062,0.029744526624967654,0.5665300546460088,0.04165446914515769,0.291193403585396,0.7992974238873671,0.3868706089000682,0.08204039811838015,True
3413.2519418423108,17.57033269613772,0.4584596323008118,0.008518737533102961,0.14533323576577573,0.3607825917106027,0.43652663934608427,0.26264393052009893,0.07951307570805,0.3514246682340456,True
3390.5478800741607,17.599317338837825,0.45884135698013157,0.007999719210289035,0.6494730679070102,0.6539373536357971,0.7933865144442223,0.21049473068104874,0.3560353239649885,0.643564597971249,True
3282.687351190476,17.739720938447036,0.45802203934838354,0.00686014474585428,0.7412031615974115,0.5507562451082322,0.7269442818128766,0.08314793130251985,0.6745145394257293,0.5396638368378319,True
5090.524231557377,15.8343910650244,0.4129043697646539,0.007952326342680765,0.9494852654211172,0.767000878221836,1.0514222287307007,0.4664763856351186,0.9722360460544195,0.752007708824209,True
3038.1012734192036,18.075993688540738,0.4646651411307307,0.006771669208729993,0.5387197501853507,0.37690037080966476,0.5848921740821424,0.21960382513582033,0.48133782200200415,0.3950624511997489,True
3061.290907982045,18.04297013945725,0.4632484027154263,0.005703086471419197,0.46950136614246674,0.36997706870064917,0.47915202966072457,0.032825917250505654,0.3802229703419897,0.3623682669887671,True
2974.966700819672,18.16719506609123,0.47021705136151276,0.00548667932571053,0.32446818891159523,0.38992730288600796,0.4287348750933404,0.07928376268603188,0.13912958626310967,0.38576307571261736,True
4947.845967505855,15.9578544453823,0.41007861343723645,0.009802348963694064,0.5470408860057887,0.5952649297452979,0.7777249219336966,0.35618169398919974,0.23802937158734494,0.5944184231269389,True
3279.218579234973,17.744312496678905,0.4534108627151763,0.006388599093228504,0.13792447307584155,0.21035567915322417,0.22991071429797216,0.08034250585519942,0.21618120608881952,0.1671399297295295,True
3374.5077210187355,17.61991189424583,0.4471281973867249,0.006645064050928157,0.0033909055426164514,0.11883782201928739,0.11654225213882796,0.09177644418272735,0.09700185400188843,0.07236046058085321,True
3541.4256171935986,17.41023491119582,0.4376924813790637,0.007614050511182107,0.2232338017244615,0.24766295862107768,0.27080649882930174,0.5174619437931653,0.009306694005800864,0.26668862217110245,True
6074.476102654176,15.066927877267124,0.37592645996647184,0.01040673120830907,0.8803229898351788,0.9679010538669104,0.808411397349488,0.03417983997064766,0.447140905544984,0.9498877829899754,True
4067.8553400663545,16.808361153211344,0.4124041826751655,0.004936853226219177,0.3837358509017861,0.6542374121780483,0.48796106556685004,0.10986046057864485,0.23760245903068267,0.6339163739166906,True
4137.335770394223,16.734808475777243,0.4061222562227311,0.005157249144826089,0.42426571039175087,0.8503171350457421,0.6082162373228073,0.23797082357533839,0.2657323380091583,0.7870291764231183,True
4418.4201112412175,16.44934608597281,0.3955528655109964,0.004949503282469804,0.6243998828959008,0.8396882318563428,0.6692793715782273,0.011048497270053304,0.03256001170584,0.7616510538688317,True
7038.474651151444,14.427230647358702,0.3450469790755542,0.007429035686697279,0.5016588602722862,1.4489144223292385,0.8000341530027413,0.4003805620615424,0.6416129976621505,1.3698233801625292,True
4818.466276346604,16.072927918127174,0.38471432184026244,0.006658799243570551,0.17250927010705652,0.5882562451153888,0.34302546839356296,0.07096750585290579,0.18264539422878556,0.5637148711937527,True
4935.062790300546,15.969089328863621,0.38169263317145785,0.007879607210456888,0.06474677986193456,0.5527566354392377,0.1707357533114191,0.1685255659628382,0.5396809133459186,0.521984777525347,True
5141.777956674473,15.79088297515107,0.37693676859667,0.011951673160315346,0.09869730679709221,0.49722140906146706,0.1497975214658709,0.15984338407885446,0.3118023028734598,0.450470823572374,True
7348.848197209211,14.239823391965349,0.3440528594257684,0.014285245756420553,0.10892125293590027,0.9152102849259904,0.46609826308747415,0.10633294301204899,0.2822306791632059,0.84408177205313,True
4663.549902419984,16.21484987286024,0.3970694028264452,0.007057339559468573,0.22684182277687626,0.3641466627660179,0.3339236924161071,0.5586968188922015,0.053954430122942654,0.33055718188782635,True
4747.455452283372,16.13740717358777,0.3913360703045751,0.004520190089821834,0.24198380172749978,0.3551814988363162,0.19570403982484663,0.15315915300469385,0.09798741216366125,0.329176424668276,True
4652.3481240242,16.22529411103377,0.3945961717812761,0.006273705578131388,0.0447184816513726,0.43773419203049,0.1896321233326148,0.08689012490336268,0.2357947892191845,0.39797765417677056,True
6641.771565183451,14.679176810440177,0.36410880814494867,0.008993559811802623,0.24187402420064075,0.45991656908890377,0.029259367676729653,0.044425741610893965,0.5065256635448492,0.3553717798615139,True
4473.192339968775,16.395840430596312,0.40813495032927544,0.006751131829983037,0.35591822794998507,0.06522004293211126,0.3136294886831763,0.2458821233394417,0.42754195941154194,0.002407786887772545,True
4403.699734094457,16.46383916612011,0.41712830543480006,0.006606054451446441,0.4769930718093036,0.06964773614154751,0.452878610460715,0.029778981264144022,0.6300936768116543,0.10799180327956037,True
4344.200890417643,16.52291715309141,0.4238088914209818,0.006815764587473806,0.39951941843298755,0.027246779858728587,0.3153322599501962,0.04941451990787016,0.5216627634816433,0.0007635636214615715,True
6440.961914519907,14.812508844122155,0.3964818990705538,0.007818212365155537,0.9373389929656781,0.07550741608267231,0.719535519126282,0.11585919203784556,1.0917496096790131,0.16234631147520417,True
4212.324912177986,16.656797530447346,0.44797249449717436,0.004310699831956467,0.17259953161155295,0.043035226388695946,0.2553010343503388,0.06905737705091042,0.061916959388142345,0.08594847774770642,True
4180.933182084309,16.689283886934504,0.4517622670608632,0.00433546893043317,0.26189500390763953,0.012646370033507992,0.2585870413704754,0.030830405934111127,0.3710602068813529,0.014785811872116028,True
4184.971743266979,16.685090855843768,0.4548719414069909,0.004186784202584536,0.2418740242051598,0.04769467213137091,0.1682645394267297,0.5135197111630134,0.32264588212689205,0.049629195936205406,True
6288.222531225605,14.91673713222051,0.4290259659339651,0.005979649347490571,0.2545203942194547,0.18473360655204374,0.1986119242757809,0.7251366120218279,0.13900029273654013,0.10811865729283454,True
4250.19381342701,16.617928807883974,0.4596852101825586,0.0037633286061550387,0.2405542544864545,0.03738778298625789,0.17092603434923603,0.015442037472155334,0.3178571428424135,0.01929400859080488,True
4251.28143784153,16.616817590665256,0.4582838618567125,0.0035929739459249835,0.1503708040653038,0.006620804063430796,0.151539324752747,0.3420618657310399,0.21320745511094685,0.008604117880366857,True
4087.9609094457455,16.786948813212824,0.4566255732398288,0.004876577937521033,0.27633196721400566,0.5324477946939226,0.24885587432498824,0.10897248243708191,0.2988387978135165,0.5617486338810807,True
6100.784052985949,15.048159628712703,0.39823992836451144,0.005772346655449983,0.9115803083573581,1.356686670571662,0.5177766393417187,1.0223019125644157,0.2198404566908323,1.2190451795511308,True
3844.4331552498047,17.05369301539879,0.43801044358222924,0.0041351103402899,0.8310475214638586,0.8507098946092242,0.5781201209952656,0.5630854800930223,0.22336065574764064,0.8402127244358439,True
3755.728261612022,17.15507453386383,0.43564344952061607,0.00604156434939652,1.0406664715092688,1.0476995511312452,0.7358704137398036,0.4694720921193891,0.2852093091218677,1.0040202966366962,True
3707.8181767174083,17.210831864431636,0.43145446483160615,0.005589794521612072,0.5046057767355876,0.6341627634652127,0.2418447501992489,0.10178815378456818,0.17019906324797773,0.5262539032021891,True
5501.677029664324,15.497065235999852,0.3784003449662839,0.02480334720088759,0.3825502537176817,0.2010294691665706,0.34035665495912326,0.5363656323139878,0.4467627829833134,0.06011416862054375,True
3673.5482020882123,17.25115872819023,0.41792125632924165,0.004437832367012292,0.30604264247976687,0.22334601873419047,0.49873633879764157,0.16937451209885523,0.084045667451349,0.3477093091357233,True
3678.9429986338796,17.24478556642161,0.42133932223026876,0.005873469679558168,0.9368974434015911,0.7601410031210492,1.0633050351284794,0.2464505269326196,0.08260636222446749,0.926824746287565,True
3691.8967603434817,17.229520676107384,0.42195939285936684,0.005601292184362709,0.8489729703271536,0.8188792935229969,1.0283372365344974,0.05178083528564059,0.11135343480941629,0.9315427400514125,True
5290.912714676035,15.666710186458076,0.3719048514517784,0.007663865656773341,0.7346726190545638,0.7741608118669774,1.0777639539408312,0.09247170179713748,0.29658713896469635,0.7762831772028846,True
3577.9751658860264,17.36564293709514,0.42855805983591666,0.005104236457485352,0.3038056206141846,0.34198136221593245,0.41326844262832196,0.0069233021118435545,0.02838358705257349,0.3454161787705914,True
3530.9823550936767,17.423060682608384,0.43202316982720806,0.0034678955269050707,0.24813378218692606,0.2373487509808001,0.24097384854928805,0.03459211553516184,0.0999194964898038,0.20644272052885526,True
3531.706401249024,17.422170230652025,0.42936884623055316,0.006260950604455227,0.3494559914191768,0.3412739071021065,0.31654469164934085,0.4163300156135108,0.1992730288878306,0.2624390124925071,True
5345.495799180328,15.622136230002777,0.383134104767048,0.005572603838302121,1.2634416471633614,0.9962407298943958,1.0905957259939498,0.37231898907319305,0.9937499999885517,0.8617876658835542,True
3580.2076478337235,17.362933996439388,0.43321192082167254,0.0036134860323940843,0.4843188914815073,0.2822989851673299,0.33399931694017937,0.047811768145876954,0.6703747072426864,0.1749170569838725,True
3592.817981557377,17.34766399943624,0.4372907581420577,0.005102684891292486,0.7096091920478784,0.3852922521466837,0.4716115339575424,0.0022858118601476463,0.6912885441117496,0.3282372170214103,True
3565.170045374707,17.381213666713013,0.443075689710058,0.003360559854866036,0.8839407689082321,0.611226580797279,0.7145833333337919,0.3818720725983269,0.5564329625255127,0.6124902420004332,True
5410.120884562842,15.569946464307156,0.3845347638753048,0.00662593725428693,1.6769272053168862,1.2702063817355622,1.6763514832180988,0.11893296252731034,0.8081137783108829,1.3692013075705347,True
3506.8274907298987,17.45287213169656,0.44222219113985406,0.00292639332919785,0.5227946916629378,0.417083821229852,0.5935889929694724,0.13021321233306082,0.39125927009859396,0.4555791373931015,True
3557.2831845238097,17.390831761592647,0.4439203348877732,0.003236088434008383,0.807438036664621,0.4267003317738727,0.76123389930396,0.2243169398931144,0.7129293520676683,0.5083357728327371,True
3603.0792105776736,17.33527805771789,0.44388283228701253,0.0029001284356648368,0.2595018540365288,0.20201014831980046,0.30716969164183183,0.24992193598735923,0.24748731460176998,0.2021711553451837,True
5754.928144516003,15.301617101473946,0.3800756509358334,0.003667148185301112,0.7606630562055017,0.30333479703321586,0.5845896760352218,0.12430962139355017,0.6458186963406476,0.37727605386285745,True
3765.4541788641686,17.1438424846963,0.4334621361808037,0.002830246104729333,0.7109728727551925,0.4460577673692683,0.5080235167826572,0.29481850116901853,0.3712943989058459,0.5091066549645973,True
3797.0619267174084,17.10753935431621,0.43548617696336844,0.002721244812950041,0.3494364753990311,0.3393101092937627,0.3461016783813591,0.08895882122965304,0.1273370413665731,0.3253854410596375,True
3820.2338163544105,17.081116709887137,0.43776213492523547,0.0031044544441508203,0.6200404957196213,0.5989998048364384,0.6201234387150976,0.13278444574768855,0.14287177986283695,0.6171887197469346,True
6245.028568989071,14.94667186115861,0.38729285743533376,0.0039051269278167823,0.5972580015622952,0.5361899882949501,0.6784933645627405,0.006559816548900699,0.2745877244288053,0.5821087041364308,True
4086.9734777517565,16.787997962032204,0.43143209682418426,0.0027967535963099735,0.31453210382186114,0.26516149492053387,0.37096018734823133,0.019040300544403976,0.08061816938457156,0.338461163160531,True
4239.675951405152,16.628689518945418,0.41893789693700095,0.003594329410596498,0.08917349727441604,0.07369730679033637,0.1652322404345341,0.13686085089707944,0.03334797035246595,0.14374024199301516,True
4356.37924960968,16.510759348520438,0.4129157884049414,0.0024661220711800305,0.2596799375716614,0.23738046447795114,0.14473311864836091,0.5868657299019162,0.2613266003233079,0.14296448087156932,True
7052.161880366901,14.4187934273976,0.34658183662722397,0.004622823248251393,0.03275273221844088,0.03735362997485936,0.24596018734840186,0.2715822599528366,0.15769418423142412,0.2466212919594284,True
4237.3949112021855,16.631026748899288,0.4186844248847071,0.00275474614124986,0.051202673687981815,0.02027712724191133,0.1204161787718192,0.19931693989168764,0.08755610852141871,0.1256781811054566,True
4281.613627049181,16.58594141608927,0.42202821556577325,0.0035343874454243584,0.2120682084390495,0.14504293520442957,0.03368706089312923,0.1695038056166851,0.20411543715927394,0.05712334114096507,True
4373.395152712725,16.493828963288152,0.4242990073951252,0.0032512089280021966,0.006040202954267215,0.008933450431953815,0.07904225214613803,0.4233996877433981,0.008218676804290226,0.07067720530918109,True
7038.9809084699455,14.426918283012728,0.37300725706787413,0.005310042533935846,0.20395443011449288,0.01562743949730816,0.19586504683948647,0.49057864949480745,0.22196038252332073,0.14521857923591597,True
4456.198738778298,16.412370642051,0.4287779648791879,0.0028159548678725376,0.05389588213401453,0.032640515217622124,0.0541129976585637,0.021777419982512924,0.15634514050700687,0.03203064012561185,True
4667.734936085089,16.210954295390135,0.4145896977765992,0.0036187914174167102,0.2164788251441223,0.16519808743422004,0.2327088212312276,0.23836114363645322,0.20301278298744307,0.17785421545571012,True
4850.6368754879,16.044028515520306,0.4032007776874182,0.0055325118734356,0.048165495706555816,0.17089919984238122,0.10375439109759554,0.010848458233610359,0.1507879586217058,0.11461260733724998,True
8253.529083723653,13.735619295989528,0.3332178775306092,0.00607930827869701,0.16265856752106345,0.21842798595054091,0.23953698283159497,0.7010587431686588,0.20380074161716522,0.20220286885651717,True
5321.661153395785,15.64154397363064,0.3892911373001587,0.004126778379421891,0.4298155737856604,0.3786592505873898,0.3964334504304361,0.30823819281823717,0.001136807184551003,0.408184523809183,True
5397.066971604216,15.580438083769641,0.3908844788095056,0.0053252939392671485,0.48181840358206784,0.40913836846036133,0.3465554254463825,0.31087041373832847,0.16167788837253028,0.37264588212644867,True
5383.97543667057,15.59098545750323,0.3918131794390316,0.004704431377592715,0.17821526151317357,0.20987021857501986,0.10996535909464455,0.2843188914862509,0.056633001567803376,0.11648370413448106,True
8630.567025273223,13.541622859375291,0.3401424765181536,0.017888165145139665,0.3700063427033484,0.14447209211721201,0.07096506636042932,0.48951746682820385,0.06228532396569619,0.08075722092243609,True
5363.8561841334895,15.607244905680686,0.39360993781812015,0.005917439322618442,0.4238314792992526,0.17783469945263164,0.2922570257577206,0.03627293129868292,0.2948209406535369,0.1795716237287479,True
5153.716149492584,15.780811202907671,0.4000732362511415,0.006396326965554306,0.8981215847108928,0.6250634270104456,0.5419203747105712,0.6650322014102841,0.42750536692352625,0.6045472287325708,True
4960.504805815769,15.946757408665995,0.4016789716319584,0.006368588933142226,1.5581918423225147,1.0280713309928728,1.0476800351275983,0.5121828649502049,0.4708967603427965,1.1301400273202944,True
7352.67612217018,14.237561794202911,0.3545185832698474,0.01119849946407562,2.7655932864821438,1.8565012685426723,1.9241144613536107,1.0375609875074758,1.2225019515864517,1.986533957848053,True
4557.096065085871,16.315134318379194,0.402602964648563,0.005649046489964324,0.9857167252196604,0.5375487900061842,0.6485314207678243,0.1339017369227946,0.6514539422474996,0.5734533567511733,True
4596.67181401249,16.277581178088397,0.398415608094892,0.0051263712904140455,0.5499951209996823,0.3332113583138039,0.3484777517547286,0.5478654371559344,0.4096360265267833,0.29733606557280723,True
4513.022958138174,16.357340727682107,0.39600678527616706,0.010573382556300703,0.6185719164662657,0.2405835284954776,0.3752683450393022,0.14032006244806894,0.5893027907878619,0.26456625683539414,True
7027.015078551913,14.434307301413082,0.33159956729391543,0.013859169235669495,0.09099092506623663,0.3995462529280758,0.1665446916435087,0.3147467798600161,0.7071794496551504,0.34365973848773024,True
4485.550670862607,16.383858485560715,0.38907137402149544,0.00848073182047842,0.7820330796309207,0.6032445355177742,0.7019857533165634,0.3718896369999811,0.144774590171032,0.6863290398127049,True
4579.978820257611,16.293381459388378,0.3852109495034923,0.01377848018515617,0.8961577868973762,0.7797326307593835,0.807081869635141,0.006984289617278705,0.04907298985339992,0.8468262099943047,True
4715.051256342701,16.16715197363472,0.38120570180419655,0.009098895988821465,1.1832357533107825,0.8722531225577086,1.07233850507248,0.040644516003268905,0.41850848944510943,0.9672179937563783,True
7547.495067330211,14.123987777257557,0.32215175414415304,0.00941414334327173,1.7034884855678314,1.3969555035174892,1.5858948087450528,0.23120852849392293,0.6400443989248217,1.5103605581520014,True
4764.014195452772,16.122285686967277,0.3798437339902952,0.005404982632049812,0.5344823380088854,0.31413202576112553,0.48428717798600474,0.031118266978822362,0.3916788641512028,0.35470579625962273,True
4660.9427400468385,16.21727847955232,0.37996306996998613,0.0037064981936718033,0.2619193989070112,0.15688670959852402,0.22585138562919838,0.13622414129976335,0.3360777712808911,0.1217432669751588,True
4552.052861533958,16.319943188483602,0.38324815170491106,0.003848736586712327,0.09361094846613582,0.03112070648242593,0.11280493755364773,0.17502439500280786,0.29952917641593757,0.01821330991379,True
6964.002842017955,14.473426759061415,0.31726794075222053,0.005339143325934336,0.17605630367330605,0.2416666666594267,0.13210382513096874,0.04485509367304985,0.013985655739432445,0.22424619437961724,True
4146.395794301327,16.72530860261754,0.3941819149218064,0.003304674920198178,0.0553473848369066,0.18405298595314434,0.07842261905028636,0.08256733020911611,0.21439305230462935,0.15200039032441737,True
4038.0403834894614,16.84030957681553,0.4033020944020263,0.004195915692995493,0.05617681501411198,0.029932669786319366,0.01726190475935141,0.09477215065813027,0.03811475409467846,0.014546740823504933,True
3929.2371926229507,16.958933693316244,0.40934349591858415,0.007097363160897138,0.08417252145818566,0.05244925839039638,0.02636612021896667,0.07159933645488081,0.1109728727693522,0.10949941452369671,True
6127.811716920375,15.028962028857965,0.3357257630686403,0.010101073628305146,0.4056669594200599,0.5181376853944357,0.4246609094418261,0.7666325136583367,0.27364119827740296,0.44039568696936726,True
3375.5633099141296,17.6185535783583,0.4441945153482174,0.0031818422313607308,0.7222043325507173,0.5108265027348864,0.6659104215497678,0.014027127240652248,0.40145638172577947,0.5821648126415653,True
3076.446387099922,18.02152264500773,0.47121645184161703,0.0036238743711310513,0.651353922722123,0.5447306791597271,0.571570062440685,0.13241364168750636,0.30237119437752824,0.5307791764330432,True
2784.7319159836065,18.45418223263827,0.5053181582238784,0.003554231736907128,0.8448721701638959,0.5544545277079749,0.6698843676880699,0.0020638173303666463,0.5253146955515717,0.5888344067086848,True
4377.395918715847,16.489857869234093,0.39348459093141813,0.009742982545952353,0.9847506830515442,0.7660348360650744,0.9416642271646651,0.2092164324718908,0.6501658860339035,0.7377878610456321,True
2209.5376683255267,19.45900205748789,0.5809422366150531,0.0027659002046936196,0.23066939892501637,0.18725361046909939,0.2802498048394284,0.1984265222492212,0.06396370023511366,0.20002195550529223,True
1949.4939817525371,20.002797167641056,0.6234191109377735,0.006506080764425966,0.611080210754082,0.30876268539452667,0.42722726385295573,0.21735460578202037,0.6193452381042661,0.3148394808654871,True
1666.5271760343483,20.68389215499499,0.6756827114143626,0.0033016361701659067,0.25013417253376247,0.201822306795151,0.15319574551654114,0.09394759953329412,0.22299960967339416,0.1390515222503268,True
2904.891261709602,18.270717354269213,0.5165008820360654,0.00489960888820114,0.7458211358418367,0.5854069086652203,0.6037836651030091,0.29219115924878736,0.43546789618140735,0.5489168618297242,True
968.7794081772053,23.039767164703868,0.804369061401982,0.004790280908438083,0.542808352846265,0.27204332552284427,0.4040227361411155,0.11057279469333992,0.5810206869525771,0.2564475995341695,True
722.8822892271663,24.311340310192385,0.8539771808079605,0.004002177993243511,0.43520199062238873,0.19353532397386175,0.4339188134319443,0.30392271662685744,0.2614851678526975,0.29418179156502333,True
533.9505708430913,25.62700560438564,0.8950744841234463,0.007144395044784275,0.39876073381526567,0.126773516784084,0.29992437548659723,0.38223067915801323,0.3287787860991287,0.19344750195745064,True
930.159318891491,23.216442741416913,0.8513892044358385,0.005509541533276149,0.2501048985247394,0.21781079234051504,0.11730581577344878,0.1872267759562476,0.09771906713562828,0.1178839773626521,True
184.34628220140516,30.245672321791822,0.9617107095988189,0.0036722232022385567,0.03904420375340578,0.07618559719580276,0.008682181889440699,0.09532347775048322,0.14797765418447284,0.05316647149768983,True
144.22172131147542,31.31170940951114,0.9667374017785827,0.0029728917255692645,0.16597628805294562,0.07828112802818055,0.11322697111353364,0.4184938524564785,0.11613241608588964,0.08032298985341413,True
103.98836602263856,32.73216861431054,0.9727911476120831,0.0035969508235369845,0.024412080401475578,0.10975068305933178,0.02359240827078679,0.5278639734573289,0.07177010149021612,0.06265856752816035,True
162.45991900858704,30.794553831987415,0.954927779918796,0.005336442447884391,0.11658860266797433,0.12106752537320631,0.11330503513619306,0.070199063234341,0.01878903201819071,0.11562987900146027,True
118.10595725995316,32.1792981162457,0.9675225084098625,0.0028265658449219866,0.11770101482341033,0.009657982036429757,0.11247316549420816,0.033874902422937225,0.14732630759802845,0.06031176815156414,True
196.1402419984387,29.97634908789351,0.9498756583352463,0.0032205038869038264,0.021853044491308538,0.00043911006761732096,0.056064597967463214,0.07293374317288226,0.027222384861254056,0.01892320452222407,True
334.2449941451991,27.661367038611708,0.9197703248396504,0.0031507200939421506,0.025343969541694378,0.045047814210590786,0.021187060883420372,0.10326893052489083,0.04962187742718527,0.0235924082782617,True
1912.6992901053864,20.085549189075792,0.6274244094327402,0.003971856323183816,0.2315695745423625,0.09908518734786753,0.10544252537377474,0.015324941447062201,0.2852093091200061,0.05685255659236077,True
1272.8589261319282,21.854213431181538,0.7310748723496839,0.0031664962033699133,0.2856776932114542,0.13100604995867116,0.1696233411258845,0.32098946136260054,0.32518052304821765,0.12397053082545995,True
1700.9061792544887,20.59521256681528,0.6538025701986552,0.004162059497486227,0.28660958235280987,0.1239558938425489,0.1726971116416678,0.27440232240637386,0.31527859092860666,0.10671106557632015,True
2192.657801522248,19.492307570549833,0.5719077314336278,0.0041384483083140335,0.4871731069418104,0.03802693207748575,0.2389832162410812,0.27026980874121875,0.6829991217924629,0.08912714676108635,True
4645.510043423107,16.23168212245276,0.35700555478215756,0.006748096829529414,0.9061963310040824,0.5137099922009156,0.5707235558098205,0.49919984387352656,0.7951331967090027,0.4765198087465592,True
3240.1714773614362,17.79633620905281,0.4375556283887765,0.0037819963481176633,0.2836016783728894,0.18158421154504367,0.19466481264799995,0.05152712724793673,0.26298058157458826,0.14057377049596198,True
3600.14387441452,17.338817585381303,0.409560783033349,0.004528056350989804,0.8531445160016773,0.6661909641011903,0.8457137978105607,0.17396565183526036,0.38013758782746265,0.7674058352778559,True
4089.4515417642465,16.78536549232372,0.38538579845085086,0.0028028229817757206,0.5297131147536902,0.568525565956719,0.6138661202139986,0.2609192037466386,0.10184426229190535,0.6612119437987758,True
7168.734899492584,14.347590951563818,0.2987346128521285,0.0095642533937969,0.01118023028239179,0.36171935987550796,0.1107850312256744,0.3799351092903436,0.7200209796919097,0.30895052693651337,True
4691.069637978142,16.189297355789865,0.3636702069825855,0.0057202734339456204,0.1467432669912654,0.24768247462861837,0.17419740436196207,0.08316988681276882,0.6690549375485872,0.32048448477738134,True
4783.157782006245,16.104869084090133,0.3613175349879487,0.004420080601119234,0.11550546449369392,0.3226971116268089,0.2347287275554777,0.24464041764572642,0.3257196526303332,0.3155713309885755,True
4909.8559792154565,15.991328624359584,0.3517408603177967,0.004721712046438863,0.6025248829025571,0.7176790593377405,0.600646467614979,0.3091481264650042,0.04069086650065401,0.745530835275531,True
5140.468088895394,15.791989481159645,0.3501414265372893,0.0037511561450168382,0.245250292755685,0.5044057376989031,0.11815476189670449,1.2615144418397506,0.18690964090574624,0.36773516784799654,True
8205.983345530834,13.760709843789794,0.3022677331855645,0.00554322162176588,0.6011441256824099,0.5602995706512957,0.017144808745655382,0.0534616510574466,0.5215285909454934,0.2331479312988165,True
5688.441117779079,15.352083486131974,0.3561450700357787,0.003077665384719866,0.2701014832184825,0.25110265418439326,0.43154030055052317,0.12106508587049802,0.03958577281780862,0.3556059718900144,True
5764.181959894614,15.294639337074438,0.35512585208139563,0.005496621898235164,0.5918398712121018,0.4138514832050646,0.6537177985802316,0.1797057962508859,0.266315378589006,0.5398297228761919,True
5716.928520199063,15.330388534025435,0.3620359504317576,0.0037015202356337666,0.366378805598103,0.16122414130074958,0.37470725995271437,0.34957064793117354,0.2949648712087196,0.21975263466097772,True
8497.173036202186,13.609271532833585,0.32030773292042336,0.004970391309371812,0.5647370218364216,0.46458333333481505,0.4158079625257187,0.2621145589410503,0.030427888357593247,0.5725361046038699,True
5998.17218725605,15.121826868579948,0.3496210500523764,0.0044831655311267015,0.8011002146732693,0.8359923887573188,0.8080454722851584,0.09072014051035637,0.14069086651086593,0.9165886026543717,True
6187.5919862412175,14.986799472709942,0.33814662734897905,0.005336465452753614,1.5315744535680125,1.0046277322378216,1.1258562646376333,0.38234289617830086,0.737482923483185,1.136785226383239,True
6442.639263758782,14.811378005759954,0.32625500601191243,0.005933546597565789,1.6774443793932932,1.1314451600294149,1.0673277712730282,1.020652810301172,0.7367388758766751,1.1986070452861952,True
10572.09231069477,12.660406690497375,0.27969278175867845,0.011021467612473699,2.0637514636963488,1.136653493367561,1.037885441062656,1.1452746877438926,0.6693745121121069,1.3842432669737832,True
7868.877868852459,13.942888108157522,0.3126539747832852,0.004031972698109544,0.3665105386369021,0.5517369242744223,0.5379635050676654,0.33557035519481815,0.0829625292777294,0.48065476190379286,True
7907.486673009368,13.921631469433304,0.31072586479608283,0.004256444846071107,0.5143710968129085,0.5822989851698139,0.6414910226456811,0.17624902419768773,0.24900956284356823,0.5504683840749465,True
7819.674358411397,13.970129478588882,0.3121804017569825,0.005458671819733094,0.4152883489387875,0.36223897346243916,0.5039153981253435,0.2373511904751382,0.35550839188737626,0.33371389539715324,True
11438.359348165495,12.31837879341783,0.2814494778440925,0.009016760240100228,2.4358948087479746,2.339802888364858,2.652746877441899,0.26793032786626725,1.2139100312147875,2.432420960184089,True
7059.614144223263,14.414206510250212,0.3287626601818323,0.0052400828285343246,1.5692354605870236,1.425639149099453,1.7113168423137495,0.07202380952530518,0.6192574160871658,1.5785470335676735,True
6769.669079332552,14.596341759323268,0.33678878738450974,0.005554483306123758,1.6786007025631733,1.5603581186584847,1.8197770296633848,0.08809279859217156,0.6998731459773069,1.7334943403598402,True
6759.173155737705,14.603080432943758,0.3369161053081366,0.00652376809050881,1.8121999414579335,1.6533274785342087,1.9349263270872825,0.1671033372400217,0.8513417252158959,1.8150639149095014,False
6550.9903786104605,14.738946540001534,0.3392419472404263,0.004837490456788011,1.3917130171755474,1.4602849336397412,1.4059109094420421,0.02759074941718609,0.4574648711763416,1.452202868853277,False
9710.744503805621,13.029490878938283,0.30183470496491505,0.007822437996328618,2.328349434030585,2.3925009758027045,2.4346555425420604,0.28933694379522024,0.9989632123411312,2.4083455308320367,False
5923.570594262295,15.176180470519727,0.34953645977999365,0.006080485305937919,1.514480874312568,1.431437841529828,1.5432645394258486,0.06512002341688117,0.5066354410668836,1.5188841725243094,False
5769.398211846214,15.290710999889415,0.35174367479446794,0.005397624451303659,1.2358387002469726,1.2841847189689872,1.338122072600953,0.18274541373864395,0.2902298009388318,1.3523516783755838,False
5641.379866803279,15.388162713129736,0.3521683965683114,0.005461602042242096,1.395716237309486,1.2735655737657225,1.335980191255203,0.06258782201381052,0.37687841529687205,1.3744657494144974,False
8622.52113583138,13.545673479887139,0.3123980640541849,0.010963013706021235,1.7003439695567266,1.526212431696706,1.8035763075691875,0.27402907884621186,0.721311475402274,1.6289885831411084,False
5421.842866900859,15.560546886630524,0.3607537955701355,0.006606642095202219,0.859582357533327,0.5994364754090782,0.7127415105390469,0.11697648321600695,0.6774736534032542,0.609850702577404,False
5336.133911494926,15.629748958234632,0.3664561212329243,0.006238223120007907,0.6671301717411922,0.3944964871241723,0.5416008001647867,0.2303498243552724,0.5536080210742256,0.41727166275882155,False
5185.23306010929,15.754333342367284,0.368865342863375,0.008465394407113814,0.7358045472167589,0.4622999609658791,0.634940964082773,0.06923302107796303,0.7660494730594252,0.45665495706955994,False
7739.976834504294,14.014619547318134,0.32642441471480327,0.009836174442046748,0.3926595433306801,0.7233191842275914,0.6318940281004188,0.2703185987497392,0.36891100704572466,0.5183840749366482,False
4777.6973409445745,16.10982981124097,0.3845800962866266,0.005761340676862553,0.6972531225743239,0.4434377439530408,0.7239558938361199,0.28061572990048944,0.5196599336326102,0.5461553473882361,False
4725.848665593287,16.157218053479454,0.3856517040613361,0.008195330487106826,0.5313719750030401,0.3139880952403473,0.43605825527572506,0.0437085284891765,0.6103215261575059,0.2852434621418354,False
4657.10993852459,16.22085125318355,0.3850918217367703,0.0037138846960906744,0.2847165300656087,0.3261880366878813,0.19815573770108585,0.1736680327819471,0.33711455893504194,0.20025614753961918,False
7223.424409640906,14.314584831652965,0.32878423958415487,0.008180095941508411,1.256581772035517,1.0635660616692917,1.0753878805627295,0.3013783177258915,0.8595433255173788,0.9164471116334312,False
4512.573324063232,16.357773438367758,0.37966442440483456,0.005366969690278469,0.29730191257795013,0.36234631147354435,0.36756440280537106,0.10326161202611672,0.12086016784768105,0.2939646760254391,False
4413.815973848556,16.45387393515033,0.3816590978736829,0.00591334262258581,0.7693159640945026,0.7225970921216742,1.0291447111666798,0.013561182673342387,0.2928766588520517,0.8630293715936546,False
4438.242786397346,16.429905597130755,0.3820145220345699,0.005294228540984254,0.7446745706531885,0.7886441256836747,1.0577746877420395,0.22556108509378703,0.014527224826409224,0.940851873528203,False
7028.150231752537,14.433605793090223,0.33284522247230375,0.008918573381626715,1.0389685792200396,0.9959650663543016,1.3660689890704845,0.06855727946660295,0.25639637002720406,1.1431450039014805,False
4485.749512099922,16.383665970205318,0.3809847086042388,0.006748982314613191,0.46409787276751047,0.6089602849280595,0.6361631537989467,0.03168667056849017,0.2762319477092632,0.6352678571468857,False
4578.047848360656,16.295212881117823,0.37913849678241,0.005515991233300164,1.1460821623754498,1.1362046252969833,1.2317842505845675,0.02219945355106745,0.14637490244055584,1.221330991415897,False
4487.601390515222,16.381873416683078,0.38310695221603314,0.005632683693274593,1.142820550343373,1.2022589773539778,1.2010611826602116,0.2602190671341873,0.08422862997466041,1.270560109289761,False
6901.808606557377,14.512387038468981,0.342491281157022,0.014739461466446158,2.0112338993025816,2.1120852849336273,2.309423790005795,0.6519808743162798,0.04975848945770167,2.2712724433975495,False
4283.2251634465265,16.584307103079695,0.3940691899978135,0.009053868202427269,1.142691256837523,0.7266222677639149,1.1446867681528516,0.5065159055411925,0.5896491998341276,0.8976288056187798,False
4232.799956088993,16.63573871568937,0.3966278819307141,0.007089709894774381,0.4779298399659666,0.11981850116951875,0.43605337627236906,0.1701136807207888,0.39383294301457283,0.2490437158444081,False
4113.625273224044,16.759768880692167,0.4038226754510729,0.004475097880627161,0.28312109680399544,0.08169642856736914,0.21183645588362765,0.22448282591493296,0.49855337627850815,0.0399419398733869,False
5967.5243559718965,15.144074153670779,0.3711774831505585,0.006926502833225077,0.4173887587779319,0.24784592116516535,0.3510855776869164,0.0912617096009285,0.6316476385501772,0.06795472288459337,False
3503.922699551132,17.45647099007254,0.44765753264537583,0.005000096065575354,0.6481459797055322,0.1937548790092336,0.5796618852363622,0.1646833528501901,0.4914739461330839,0.3188817330264726,False
3271.994225702576,17.753890870148524,0.466344884926196,0.006490138494844774,0.6072770296508594,0.22864949258294587,0.6007513661240154,0.010706967213934604,0.6726410031239425,0.2905469359811832,False
3126.132618559719,17.951942176283357,0.4613495797556946,0.005926433535129609,0.3861290007863545,0.22127244340209984,0.4526224629223208,0.08859777517687917,0.028747072602556045,0.3095433255293756,False
5032.45081235363,15.884220768411465,0.38030738270880654,0.0063880035980762575,0.6360582552584475,0.020674765805281936,0.37061133878786734,0.05610606947685426,0.6669228142059609,0.14431108508273383,False
3320.17612704918,17.690404930351306,0.4157216084450475,0.008584336108308405,0.03821721310745829,0.2733923692420319,0.16153151834497237,0.2517222872762659,0.08199648712199803,0.20643296251842003,False
3305.5391149492584,17.70959314987242,0.40660314701735106,0.00866759330776059,0.23824160811464878,0.525158567537531,0.3216993559588417,0.5270101483217786,0.24400370805196303,0.46302205308043654,False
3331.617225312256,17.67546516755567,0.3966022004337593,0.005359964851083207,0.10807230678568658,0.5155615729758836,0.22590505465581145,0.11950624512269314,0.5640173692250983,0.49933645590442666,False
5387.600683060109,15.588062162816435,0.34704667083724877,0.02038896904682451,0.32138953941415593,0.5440720140536826,0.11895003902617418,0.1873755854822008,0.6555230288991822,0.42169203746379935,False
3576.8036519320844,17.36706515310816,0.378751222909031,0.007312188587465883,0.005491315380197648,0.43031079235296943,0.16191695940997874,0.2491827673699163,0.22182864949367342,0.39772150663719685,False
